Localidade;Transecto;Parcela;PC1;PC2;numero;spp;DAPf;AS
Urubici;1;1D;1;1;E21;drimys_angustifolia;33,29868307;0,087085129
Urubici;1;1D;1;1;E19;drimys_angustifolia;31,17716562;0,076341931
Urubici;1;1D;1;1;E10;myrceugenia_euosma;28,61605877;0,064314592
Urubici;1;1D;1;1;E12;drimys_angustifolia;25,09665039;0,049467664
Urubici;1;1D;1;1;E9;drimys_angustifolia;24,82817112;0,048414934
Urubici;1;1D;1;1;E14;drimys_angustifolia;24,25521333;0,046206181
Urubici;1;1D;1;1;E6;drimys_angustifolia;24,03239641;0,045361148
Urubici;1;1D;1;1;E18;drimys_angustifolia;23,23662169;0,042406835
Urubici;1;1D;1;1;E15;drimys_angustifolia;20,05352283;0,031584298
Urubici;1;1D;1;1;E17;myrceugenia_mesomischa;16,38334522;0,021081186
Urubici;1;1D;1;1;E8;myrceugenia_oxysepala;13,45536214;0,01421938
Urubici;1;1D;1;1;E11;myrceugenia_mesomischa;11,44924865;0,010295415
Urubici;1;1D;1;1;E5;myrceugenia_mesomischa;10,62573516;0,008867636
Urubici;1;1D;1;1;E13;myrceugenia_myrcioides;7,054209589;0,003908288
Urubici;1;1D;1;1;E7;solanum_paranense;7,002817496;0,00385155
Urubici;1;1D;1;1;E2;citronella_paniculata;6,366197724;0,003183099
Urubici;1;1D;1;1;E20;siphoneugena_reitzii;5,952394872;0,002782745
Urubici;1;1D;1;1;E1;myrceugenia_miersiana;5,819502181;0,002659877
Urubici;1;1D;1;1;E16;myrceugenia_mesomischa;5,506761031;0,002381674
Urubici;1;1D;1;1;E4;drimys_angustifolia;5,411268065;0,002299789
Urubici;1;1E;1;2;E58;drimys_angustifolia;30,55774907;0,073338598
Urubici;1;1E;1;2;E63;dicksonia_sellowiana;27,37465021;0,058855498
Urubici;1;1E;1;2;E60;drimys_angustifolia;21,64507226;0,036796623
Urubici;1;1E;1;2;E55;drimys_angustifolia;21,32676237;0,035722327
Urubici;1;1E;1;2;E54;drimys_angustifolia;20,84929755;0,034140725
Urubici;1;1E;1;2;E80;drimys_angustifolia;19,41690306;0,029610777
Urubici;1;1E;1;2;E56;drimys_angustifolia;17,72986066;0,024688831
Urubici;1;1E;1;2;E52;citronella_paniculata;13,59183214;0,014509281
Urubici;1;1E;1;2;E51;drimys_angustifolia;9,708451529;0,007402694
Urubici;1;1E;1;2;E57;eugenia_uruguayensis;8,320318427;0,005437131
Urubici;1;1E;1;2;E53;myrceugenia_oxysepala;6,981080814;0,003827676
Urubici;1;1E;1;2;E61;myrceugenia_myrcioides;6,114533242;0,002936409
Urubici;1;1E;1;2;E59;myrceugenia_myrcioides;5,980499797;0,002809085
Urubici;1;2D;2;3;E32;drimys_angustifolia;23,28081602;0,042568297
Urubici;1;2D;2;3;E29;prunus_myrtifolia;17,3478888;0,023636498
Urubici;1;2D;2;3;E25;drimys_angustifolia;14,76957872;0,017132711
Urubici;1;2D;2;3;E34;myrceugenia_mesomischa;14,45750748;0,016416355
Urubici;1;2D;2;3;E48;myrceugenia_myrcioides;13,99032605;0,015372537
Urubici;1;2D;2;3;E41;berberis_laurina;13,07905071;0,013435144
Urubici;1;2D;2;3;E23;myrceugenia_myrcioides;12,57122572;0,012412096
Urubici;1;2D;2;3;E26;myrceugenia_oxysepala;8,601025277;0,00581019
Urubici;1;2D;2;3;E27;myrceugenia_mesomischa;8,435211984;0,005588328
Urubici;1;2D;2;3;E22;eugenia_uruguayensis;7,989578143;0,00501346
Urubici;1;2D;2;3;E28;drimys_angustifolia;7,384789359;0,004283178
Urubici;1;2D;2;3;E24;citronella_paniculata;7,002817496;0,00385155
Urubici;1;2D;2;3;E50;myrceugenia_mesomischa;6,525352667;0,003344243
Urubici;1;2D;2;3;E33;berberis_laurina;5,888732894;0,002723539
Urubici;1;2D;2;3;E31;myrceugenia_miersiana;5,570423008;0,00243706
Urubici;1;2D;2;3;E49;solanum_pabstii;5,220282133;0,002140316
Urubici;1;2D;2;3;E30;solanum_pabstii;5,188451145;0,002114294
Urubici;1;2D;2;3;E35;myrceugenia_mesomischa;5;0,001963495
Urubici;1;2E;2;4;E62;drimys_angustifolia;22,28169203;0,038992961
Urubici;1;2E;2;4;E71;drimys_angustifolia;20,05352283;0,031584298
Urubici;1;2E;2;4;E67;myrceugenia_oxysepala;11,93662073;0,011190582
Urubici;1;2E;2;4;E69;myrceugenia_oxysepala;11,60303938;0,010573857
Urubici;1;2E;2;4;E65;myrceugenia_oxysepala;11,38548678;0,010181062
Urubici;1;2E;2;4;E79;myrceugenia_myrcioides;11,27306944;0,009981004
Urubici;1;2E;2;4;E73;blepharocalyx_salicifolius;11,14084602;0,00974824
Urubici;1;2E;2;4;E64;myrceugenia_myrcioides;10,82253613;0,009199156
Urubici;1;2E;2;4;E72;myrceugenia_myrcioides;9,540220441;0,007148365
Urubici;1;2E;2;4;E66;weinmannia_paulliniifolia;7,639437268;0,004583662
Urubici;1;2E;2;4;E68;myrceugenia_oxysepala;6,302535746;0,003119755
Urubici;1;2E;2;4;E70;solanum_pabstii;5,188451145;0,002114294
Urubici;1;2E;2;4;E76;myrceugenia_myrcioides;5,127655132;0,002065035
Urubici;1;3D;3;5;E45;drimys_angustifolia;30,22819573;0,071765272
Urubici;1;3D;3;5;E40;drimys_angustifolia;27,44903736;0,059175797
Urubici;1;3D;3;5;E47;ilex_microdonta;21,48782709;0,036263931
Urubici;1;3D;3;5;E42;drimys_angustifolia;21,00845249;0,034663947
Urubici;1;3D;3;5;E46;ilex_microdonta;14,79456275;0,017190723
Urubici;1;3D;3;5;E37;ilex_microdonta;12,09577567;0,011490987
Urubici;1;3D;3;5;E43;siphoneugena_reitzii;10,3450713;0,00840537
Urubici;1;3D;3;5;E36;ilex_microdonta;8,403380995;0,005546231
Urubici;1;3D;3;5;E180;solanum_pabstii;6,863841779;0,003700193
Urubici;1;3D;3;5;E44;myrceugenia_myrcioides;6,111549815;0,002933544
Urubici;1;3D;3;5;E38;siphoneugena_reitzii;6,047887837;0,002872747
Urubici;1;3D;3;5;E39;solanum_pabstii;5,220282133;0,002140316
Urubici;1;3E;3;6;E77;drimys_angustifolia;37,43661233;0,110073548
Urubici;1;3E;3;6;E142;drimys_angustifolia;30,55774907;0,073338598
Urubici;1;3E;3;6;E143;drimys_angustifolia;22,91831181;0,041252961
Urubici;1;3E;3;6;E145;drimys_angustifolia;17,66619868;0,024511851
Urubici;1;3E;3;6;E147;drimys_angustifolia;16,87042397;0,022353312
Urubici;1;3E;3;6;E135;myrsine_coriacea;16,29746617;0,020860757
Urubici;1;3E;3;6;E149;maytenus_boaria;14,16478994;0,015758329
Urubici;1;3E;3;6;E150;drimys_angustifolia;11,77746579;0,010894156
Urubici;1;3E;3;6;E144;myrceugenia_regnelliana;9,348236245;0,006863557
Urubici;1;3E;3;6;E74;myrceugenia_glaucescens;7,957747155;0,004973592
Urubici;1;3E;3;6;E121;myrceugenia_oxysepala;7,514068777;0,004434455
Urubici;1;3E;3;6;E148;myrceugenia_myrcioides;7,403699099;0,004305141
Urubici;1;3E;3;6;E78;myrceugenia_oxysepala;6,480479721;0,003298407
Urubici;1;3E;3;6;E146;myrceugenia_regnelliana;5,602253997;0,002464992
Urubici;1;3E;3;6;E141;myrceugenia_miersiana;5,411268065;0,002299789
Urubici;1;3E;3;6;E75;myrceugenia_mesomischa;5,029296202;0,001986572
Urubici;1;4D;4;7;E161;drimys_angustifolia;37,15745434;0,108438072
Urubici;1;4D;4;7;E269;myrceugenia_myrcioides;34,21831276;0,091961716
Urubici;1;4D;4;7;E154;drimys_angustifolia;30,68507303;0,073951026
Urubici;1;4D;4;7;E158;drimys_angustifolia;23,74591751;0,044286136
Urubici;1;4D;4;7;E157;drimys_angustifolia;22,18409821;0,038652131
Urubici;1;4D;4;7;E165;drimys_angustifolia;22,02704412;0,038106786
Urubici;1;4D;4;7;E245;siphoneugena_reitzii;20,06668037;0,031625758
Urubici;1;4D;4;7;E156;ilex_microdonta;19,48056503;0,029805265
Urubici;1;4D;4;7;E268;myrceugenia_mesomischa;18,76814042;0,027665108
Urubici;1;4D;4;7;E256;citronella_paniculata;16,64760705;0,021766746
Urubici;1;4D;4;7;E241;myrrhinium_atropurpureum;15,81846416;0,019652532
Urubici;1;4D;4;7;E164;siphoneugena_reitzii;15,53081527;0,018944292
Urubici;1;4D;4;7;E270;eugenia_uruguayensis;14,45126883;0,01640219
Urubici;1;4D;4;7;E259;drimys_angustifolia;10,88619811;0,009307699
Urubici;1;4D;4;7;E153;siphoneugena_reitzii;10,84867152;0,00924364
Urubici;1;4D;4;7;E159;weinmannia_paulliniifolia;10,31324031;0,008353725
Urubici;1;4D;4;7;E178;siphoneugena_reitzii;8,881302171;0,006195027
Urubici;1;4D;4;7;E267;ocotea_pulchella;8,785352859;0,006061893
Urubici;1;4D;4;7;E242;eugenia_uruguayensis;8,339719018;0,005462516
Urubici;1;4D;4;7;E155;prunus_myrtifolia;7,798592212;0,004776638
Urubici;1;4D;4;7;E152;ilex_microdonta;7,639437268;0,004583662
Urubici;1;4D;4;7;E163;siphoneugena_reitzii;7,454298326;0,004364188
Urubici;1;4D;4;7;E260;drimys_angustifolia;7,098310462;0,003957308
Urubici;1;4D;4;7;E167;siphoneugena_reitzii;6,465844631;0,003283526
Urubici;1;4D;4;7;E151;baccharis_lateralis;6,401907433;0,003218909
Urubici;1;4D;4;7;E160;siphoneugena_reitzii;6,387250942;0,003204187
Urubici;1;4D;4;7;E166;siphoneugena_reitzii;6,111549815;0,002933544
Urubici;1;4D;4;7;E162;ilex_microdonta;6,054418041;0,002878954
Urubici;1;4D;4;7;E179;eugenia_uruguayensis;5,065529563;0,002015299
Urubici;1;4E;4;8;E128;drimys_angustifolia;35,17324242;0,097166082
Urubici;1;4E;4;8;E138;weinmannia_paulliniifolia;31,0352139;0,075648334
Urubici;1;4E;4;8;E139;drimys_angustifolia;30,71690402;0,074104531
Urubici;1;4E;4;8;E137;drimys_angustifolia;21,48591732;0,036257485
Urubici;1;4E;4;8;E88;prunus_myrtifolia;15,43802948;0,018718611
Urubici;1;4E;4;8;E81;myrceugenia_oxysepala;13,53097849;0,014379649
Urubici;1;4E;4;8;E90;eugenia_uruguayensis;13,05070533;0,013376973
Urubici;1;4E;4;8;E129;drimys_angustifolia;12,73239545;0,012732395
Urubici;1;4E;4;8;E130;myrceugenia_mesomischa;11,56696257;0,010508205
Urubici;1;4E;4;8;E199;myrceugenia_oxysepala;11,41264131;0,010229684
Urubici;1;4E;4;8;E82;myrceugenia_oxysepala;11,12264201;0,009716409
Urubici;1;4E;4;8;E124;myrceugenia_oxysepala;9,962336685;0,007794932
Urubici;1;4E;4;8;E127;myrsine_coriacea;8,912676813;0,006238874
Urubici;1;4E;4;8;E122;myrceugenia_myrcioides;8,276057041;0,005379437
Urubici;1;4E;4;8;E100;myrceugenia_myrcioides;8,276057041;0,005379437
Urubici;1;4E;4;8;E133;myrceugenia_miersiana;7,328666061;0,004218322
Urubici;1;4E;4;8;E136;myrceugenia_myrcioides;7,321127382;0,004209648
Urubici;1;4E;4;8;E125;drimys_angustifolia;7,321127382;0,004209648
Urubici;1;4E;4;8;E140;myrceugenia_miersiana;6,87505143;0,003712289
Urubici;1;4E;4;8;E126;myrceugenia_myrcioides;6,366197724;0,003183099
Urubici;1;4E;4;8;E131;symphyopappus_itatiayensis;5,76140894;0,002607038
Urubici;1;4E;4;8;E123;solanum_cassioides;5,729577951;0,00257831
Urubici;1;4E;4;8;E132;myrceugenia_oxysepala;5,095444368;0,002039173
Urubici;1;4E;4;8;E134;myrceugenia_myrcioides;5,092958179;0,002037183
Urubici;1;5D;5;9;E257;weinmannia_paulliniifolia;54,11268065;0,229978893
Urubici;1;5D;5;9;E251;drimys_angustifolia;31,35352379;0,077208052
Urubici;1;5D;5;9;E249;baccharis_oblongifolia;28,62751068;0,064366079
Urubici;1;5D;5;9;E263;drimys_angustifolia;28,5205658;0,063886067
Urubici;1;5D;5;9;E248;drimys_angustifolia;27,75662208;0,060509436
Urubici;1;5D;5;9;E261;drimys_angustifolia;25,62394584;0,051568191
Urubici;1;5D;5;9;E255;dicksonia_sellowiana;25,21014299;0,049916083
Urubici;1;5D;5;9;E244;drimys_angustifolia;24,19155135;0,045963948
Urubici;1;5D;5;9;E262;maytenus_boaria;23,45943861;0,043224016
Urubici;1;5D;5;9;E264;symphyopappus_itatiayensis;18,52563538;0,026954799
Urubici;1;5D;5;9;E266;drimys_angustifolia;18,49380439;0,026862251
Urubici;1;5D;5;9;E250;myrceugenia_oxysepala;14,99381479;0,017656888
Urubici;1;5D;5;9;E252;myrceugenia_myrcioides;12,05558511;0,011414752
Urubici;1;5D;5;9;E246;prunus_myrtifolia;10,02676141;0,007896075
Urubici;1;5D;5;9;E247;myrceugenia_oxysepala;9,740282517;0,007451316
Urubici;1;5D;5;9;E253;myrceugenia_mesomischa;9,707146892;0,007400705
Urubici;1;5D;5;9;E243;myrrhinium_atropurpureum;9,358310654;0,006878358
Urubici;1;5D;5;9;E258;myrceugenia_miersiana;6,047887837;0,002872747
Urubici;1;5D;5;9;E265;myrceugenia_miersiana;5,942258199;0,002773275
Urubici;1;5D;5;9;E254;myrceugenia_oxysepala;5,029296202;0,001986572
Urubici;1;5E;5;10;E87;drimys_angustifolia;33,42253805;0,087734162
Urubici;1;5E;5;10;E84;drimys_angustifolia;32,46760839;0,082792401
Urubici;1;5E;5;10;E91;myrceugenia_regnelliana;28,04380551;0,061768033
Urubici;1;5E;5;10;E83;drimys_angustifolia;18,14366351;0,025854721
Urubici;1;5E;5;10;E120;drimys_angustifolia;11,93662073;0,011190582
Urubici;1;5E;5;10;E98;myrceugenia_oxysepala;10,33154653;0,008383407
Urubici;1;5E;5;10;E97;drimys_angustifolia;10,18591636;0,008148733
Urubici;1;5E;5;10;E89;myrceugenia_oxysepala;8,87850668;0,006191127
Urubici;1;5E;5;10;E92;myrceugenia_regnelliana;8,622262191;0,005838917
Urubici;1;5E;5;10;E95;myrceugenia_regnelliana;8,321840483;0,00543912
Urubici;1;5E;5;10;E85;myrceugenia_regnelliana;7,492124915;0,004408592
Urubici;1;5E;5;10;E93;drimys_angustifolia;6,68450761;0,003509366
Urubici;1;5E;5;10;E94;myrceugenia_oxysepala;6,047887837;0,002872747
Urubici;1;6D;6;11;E173;myrceugenia_myrcioides;23,04563576;0,041712601
Urubici;1;6D;6;11;E152;drimys_angustifolia;18,81211427;0,027794899
Urubici;1;6D;6;11;E174;ilex_microdonta;16,36112815;0,02102405
Urubici;1;6D;6;11;E169;crinodendron_brasiliense;15,27887454;0,018334649
Urubici;1;6D;6;11;E177;myrceugenia_oxysepala;10,23191768;0,008222501
Urubici;1;6D;6;11;E212;myrceugenia_myrcioides;9,82830421;0,007586598
Urubici;1;6D;6;11;E175;myrceugenia_myrcioides;9,544308428;0,007154492
Urubici;1;6D;6;11;E171;myrceugenia_myrcioides;8,021409132;0,005053488
Urubici;1;6D;6;11;E168;myrceugenia_myrcioides;7,957747155;0,004973592
Urubici;1;6D;6;11;E176;drimys_angustifolia;7,543944303;0,004469787
Urubici;1;6D;6;11;E700;weinmannia_paulliniifolia;6,366197724;0,003183099
Urubici;1;6D;6;11;E211;myrceugenia_oxysepala;6,175211792;0,002994978
Urubici;1;6D;6;11;E170;myrceugenia_myrcioides;5,570423008;0,00243706
Urubici;1;6D;6;11;E701;myrceugenia_regnelliana;5,252113122;0,002166497
Urubici;1;6E;6;12;E964;eugenia_uruguayensis;57,29577951;0,257831008
Urubici;1;6E;6;12;E984;dicksonia_sellowiana;38,19718634;0,114591559
Urubici;1;6E;6;12;E985;ocotea_porosa;21,71809016;0,037045302
Urubici;1;6E;6;12;E1062;drimys_angustifolia;19,73521294;0,03058958
Urubici;1;6E;6;12;E977;prunus_myrtifolia;15,97915629;0,020053841
Urubici;1;6E;6;12;E992;myrceugenia_myrcioides;15,73381651;0,019442766
Urubici;1;6E;6;12;E972;drimys_angustifolia;14,22845191;0,015900295
Urubici;1;6E;6;12;E986;myrrhinium_atropurpureum;13,9839152;0,015358452
Urubici;1;6E;6;12;E960;prunus_myrtifolia;11,93662073;0,011190582
Urubici;1;6E;6;12;E978;myrceugenia_myrcioides;10,82253613;0,009199156
Urubici;1;6E;6;12;E966;myrceugenia_mesomischa;9,304781106;0,006799895
Urubici;1;6E;6;12;E994;weinmannia_paulliniifolia;8,594366927;0,005801198
Urubici;1;6E;6;12;E975;prunus_myrtifolia;7,957747155;0,004973592
Urubici;1;6E;6;12;E987;myrceugenia_myrcioides;7,480282325;0,004394666
Urubici;1;6E;6;12;E993;myrceugenia_mesomischa;6,744414888;0,003572551
Urubici;1;6E;6;12;E967;myrceugenia_miersiana;5,767033772;0,002612131
Urubici;1;6E;6;12;E980;myrceugenia_mesomischa;5,230365148;0,002148592
Urubici;1;6E;6;12;E970;myrceugenia_myrcioides;5,092958179;0,002037183
Urubici;1;7D;7;13;E585;drimys_angustifolia;27,34954404;0,058747591
Urubici;1;7D;7;13;E589;azara_uruguayensis;22,88648082;0,041138449
Urubici;1;7D;7;13;E284;weinmannia_paulliniifolia;22,60000192;0,040115003
Urubici;1;7D;7;13;E298;siphoneugena_reitzii;20,80307923;0,033989528
Urubici;1;7D;7;13;E594;prunus_myrtifolia;20,37183272;0,032594932
Urubici;1;7D;7;13;E588;ilex_microdonta;17,82535363;0,024955495
Urubici;1;7D;7;13;E701;citronella_paniculata;17,18873385;0,023204791
Urubici;1;7D;7;13;E292;prunus_myrtifolia;15,59718442;0,019106551
Urubici;1;7D;7;13;E299;drimys_angustifolia;14,57859279;0,016692489
Urubici;1;7D;7;13;E587;prunus_myrtifolia;12,8597194;0,012988317
Urubici;1;7D;7;13;E575;drimys_angustifolia;11,33183195;0,01008533
Urubici;1;7D;7;13;E591;prunus_myrtifolia;10,02676141;0,007896075
Urubici;1;7D;7;13;E573;eugenia_uruguayensis;9,230986699;0,006692465
Urubici;1;7D;7;13;E280;myrceugenia_myrcioides;8,976395228;0,006328398
Urubici;1;7D;7;13;E903;weinmannia_paulliniifolia;8,53070495;0,005715572
Urubici;1;7D;7;13;E582;drimys_angustifolia;7,416620348;0,004320181
Urubici;1;7D;7;13;E289;prunus_myrtifolia;7,289296394;0,004173122
Urubici;1;7D;7;13;E275;citronella_paniculata;7,161972439;0,004028609
Urubici;1;7D;7;13;E271;myrceugenia_miersiana;6,678821086;0,003503398
Urubici;1;7D;7;13;E285;myrceugenia_myrcioides;6,366197724;0,003183099
Urubici;1;7D;7;13;E572;baccharis_dentata;6,207042781;0,003025933
Urubici;1;7D;7;13;E292;myrceugenia_mesomischa;6,111549815;0,002933544
Urubici;1;7D;7;13;E584;myrceugenia_myrcioides;6,057011424;0,002881421
Urubici;1;7D;7;13;E595;ocotea_porosa;6,016056849;0,002842587
Urubici;1;7D;7;13;E592;myrceugenia_myrcioides;5,665915974;0,002521333
Urubici;1;7D;7;13;E598;myrceugenia_oxysepala;5,411268065;0,002299789
Urubici;1;7D;7;13;E593;symphyopappus_itatiayensis;5,092958179;0,002037183
Urubici;1;7D;7;13;E596;myrceugenia_miersiana;5,092958179;0,002037183
Urubici;1;7E;7;14;E978;drimys_angustifolia;50,92958179;0,203718327
Urubici;1;7E;7;14;E1092;eugenia_uruguayensis;30,23943919;0,071818668
Urubici;1;7E;7;14;E1088;dicksonia_sellowiana;29,60281942;0,068826555
Urubici;1;7E;7;14;E1075;drimys_angustifolia;28,64788976;0,064457752
Urubici;1;7E;7;14;E1085;drimys_angustifolia;24,19155135;0,045963948
Urubici;1;7E;7;14;E995;drimys_angustifolia;17,82535363;0,024955495
Urubici;1;7E;7;14;E1076;drimys_angustifolia;16,71126902;0,021933541
Urubici;1;7E;7;14;E1064;drimys_angustifolia;15,21521256;0,018182179
Urubici;1;7E;7;14;E1087;prunus_myrtifolia;14,96056465;0,017578663
Urubici;1;7E;7;14;E1086;prunus_myrtifolia;14,64225476;0,016838593
Urubici;1;7E;7;14;E1089;myrceugenia_oxysepala;12,43141727;0,012137554
Urubici;1;7E;7;14;E1082;drimys_angustifolia;11,4591559;0,01031324
Urubici;1;7E;7;14;E1083;prunus_myrtifolia;10,50422624;0,008665987
Urubici;1;7E;7;14;E983;myrceugenia_myrcioides;8,723375205;0,005976666
Urubici;1;7E;7;14;E1077;myrceugenia_regnelliana;8,412659911;0,005558486
Urubici;1;7E;7;14;E991;prunus_myrtifolia;7,734930234;0,00469897
Urubici;1;7E;7;14;E1078;eugenia_uruguayensis;7,575775291;0,004507586
Urubici;1;7E;7;14;E1090;myrceugenia_glaucescens;6,869522639;0,003706321
Urubici;1;7E;7;14;E1074;myrceugenia_myrcioides;6,525352667;0,003344243
Urubici;1;7E;7;14;E1094;baccharis_dentata;6,493521678;0,003311696
Urubici;1;7E;7;14;E1084;ocotea_pulchella;5,729577951;0,00257831
Urubici;1;7E;7;14;E983;myrceugenia_regnelliana;5,722588555;0,002572023
Urubici;1;7E;7;14;E1091;myrceugenia_regnelliana;5,252113122;0,002166497
Urubici;1;7E;7;14;E1093;myrceugenia_myrcioides;5,092958179;0,002037183
Urubici;1;8D;8;15;E359;prunus_myrtifolia;32,04305643;0,080641343
Urubici;1;8D;8;15;E338;weinmannia_paulliniifolia;27,47137877;0,059272166
Urubici;1;8D;8;15;E335;dicksonia_sellowiana;26,26056561;0,054162417
Urubici;1;8D;8;15;E334;dicksonia_sellowiana;25,56028386;0,05131227
Urubici;1;8D;8;15;E336;drimys_angustifolia;23,87324146;0,044762328
Urubici;1;8D;8;15;E358;drimys_angustifolia;21,32676237;0,035722327
Urubici;1;8D;8;15;E360;persea_willdenovii;11,65014183;0,01065988
Urubici;1;8D;8;15;E351;myrceugenia_oxysepala;8,75352187;0,006018046
Urubici;1;8D;8;15;E355;weinmannia_paulliniifolia;8,594366927;0,005801198
Urubici;1;8D;8;15;E702;myrceugenia_mesomischa;8,594366927;0,005801198
Urubici;1;8D;8;15;E333;prunus_myrtifolia;8,435211984;0,005588328
Urubici;1;8D;8;15;E357;myrceugenia_regnelliana;7,913058289;0,004917888
Urubici;1;8D;8;15;E331;myrceugenia_regnelliana;7,204288745;0,004076356
Urubici;1;8D;8;15;E346;symphyopappus_itatiayensis;7,010048079;0,003859507
Urubici;1;8D;8;15;E703;ocotea_pulchella;5,411268065;0,002299789
Urubici;1;8E;8;16;E1067;weinmannia_paulliniifolia;54,11268065;0,229978893
Urubici;1;8E;8;16;E998;weinmannia_paulliniifolia;52,52113122;0,216649666
Urubici;1;8E;8;16;E1072;dicksonia_sellowiana;39,152116;0,120392757
Urubici;1;8E;8;16;E1000;dicksonia_sellowiana;37,56056657;0,110803671
Urubici;1;8E;8;16;E1071;dicksonia_sellowiana;28,01126998;0,061624794
Urubici;1;8E;8;16;E1066;dicksonia_sellowiana;24,50986124;0,047181483
Urubici;1;8E;8;16;E1080;drimys_angustifolia;20,05352283;0,031584298
Urubici;1;8E;8;16;E993;weinmannia_paulliniifolia;17,82535363;0,024955495
Urubici;1;8E;8;16;E1081;myrceugenia_oxysepala;15,14900924;0,018024297
Urubici;1;8E;8;16;E997;drimys_angustifolia;13,36901522;0,014037466
Urubici;1;8E;8;16;E1068;prunus_myrtifolia;11,30000096;0,010028751
Urubici;1;8E;8;16;E1065;eugenia_uruguayensis;8,594366927;0,005801198
Urubici;1;8E;8;16;E1073;weinmannia_paulliniifolia;8,594366927;0,005801198
Urubici;1;8E;8;16;E1070;prunus_myrtifolia;8,594366927;0,005801198
Urubici;1;8E;8;16;E999;symphyopappus_itatiayensis;7,321127382;0,004209648
Urubici;1;8E;8;16;E1079;baccharis_dentata;5,856901906;0,002694175
Urubici;1;8E;8;16;E1063;myrceugenia_myrcioides;5,793327376;0,002636004
Urubici;1;8E;8;16;E1069;myrceugenia_myrcioides;5,092958179;0,002037183
Urubici;1;8E;8;16;E1001;myrceugenia_regnelliana;5,092958179;0,002037183
Urubici;1;9D;9;17;E343;dicksonia_sellowiana;32,1492985;0,081176979
Urubici;1;9D;9;17;E208;drimys_angustifolia;27,6929601;0,060232188
Urubici;1;9D;9;17;E603;drimys_angustifolia;24,19155135;0,045963948
Urubici;1;9D;9;17;E3567;dicksonia_sellowiana;21,00845249;0,034663947
Urubici;1;9D;9;17;E332;drimys_angustifolia;20,84929755;0,034140725
Urubici;1;9D;9;17;E339;citronella_paniculata;19,25774811;0,029127344
Urubici;1;9D;9;17;E342;drimys_angustifolia;18,71662131;0,027513433
Urubici;1;9D;9;17;E353;dicksonia_sellowiana;18,33464944;0,026401895
Urubici;1;9D;9;17;E348;drimys_angustifolia;17,02957891;0,022777062
Urubici;1;9D;9;17;E340;drimys_angustifolia;16,96591693;0,022607084
Urubici;1;9D;9;17;E350;drimys_angustifolia;16,71126902;0,021933541
Urubici;1;9D;9;17;E204;drimys_angustifolia;16,71126902;0,021933541
Urubici;1;9D;9;17;E187;drimys_angustifolia;16,10648024;0,020374698
Urubici;1;9D;9;17;E206;prunus_myrtifolia;14,80140971;0,017206639
Urubici;1;9D;9;17;E186;drimys_angustifolia;13,84648005;0,015058047
Urubici;1;9D;9;17;E209;persea_willdenovii;13,20986028;0,01370523
Urubici;1;9D;9;17;E345;drimys_angustifolia;12,25493062;0,011795371
Urubici;1;9D;9;17;E344;myrceugenia_myrcioides;12,15218602;0,011598416
Urubici;1;9D;9;17;E305;eugenia_uruguayensis;11,93662073;0,011190582
Urubici;1;9D;9;17;E207;drimys_angustifolia;11,65014183;0,01065988
Urubici;1;9D;9;17;E352;ocotea_pulchella;11,4591559;0,01031324
Urubici;1;9D;9;17;E347;prunus_myrtifolia;9,569911425;0,007192928
Urubici;1;9D;9;17;E210;drimys_angustifolia;8,75352187;0,006018046
Urubici;1;9D;9;17;E349;weinmannia_paulliniifolia;6,525352667;0,003344243
Urubici;1;9D;9;17;E337;eugenia_uruguayensis;6,302535746;0,003119755
Urubici;1;9D;9;17;E341;prunus_myrtifolia;6,207042781;0,003025933
Urubici;1;9D;9;17;E354;myrceugenia_oxysepala;5,570423008;0,00243706
Urubici;1;9E;9;18;E1003;weinmannia_paulliniifolia;50,29296202;0,1986572
Urubici;1;9E;9;18;E1010;weinmannia_paulliniifolia;31,19436885;0,076426204
Urubici;1;9E;9;18;E1012;drimys_angustifolia;21,32676237;0,035722327
Urubici;1;9E;9;18;E1024;drimys_angustifolia;20,05352283;0,031584298
Urubici;1;9E;9;18;E1008;drimys_angustifolia;17,98450857;0,025403118
Urubici;1;9E;9;18;E1013;weinmannia_paulliniifolia;17,3478888;0,023636498
Urubici;1;9E;9;18;E1011;prunus_myrtifolia;17,02957891;0,022777062
Urubici;1;9E;9;18;E1014;ocotea_pulchella;15,12223236;0,017960635
Urubici;1;9E;9;18;E1006;drimys_angustifolia;14,64225476;0,016838593
Urubici;1;9E;9;18;E1015;myrceugenia_regnelliana;9,422456536;0,006972976
Urubici;1;9E;9;18;E1005;prunus_myrtifolia;9,230986699;0,006692465
Urubici;1;9E;9;18;E1002;myrceugenia_myrcioides;9,186976977;0,006628803
Urubici;1;9E;9;18;E1007;myrceugenia_regnelliana;8,527794531;0,005711673
Urubici;1;9E;9;18;E1022;drimys_angustifolia;7,957747155;0,004973592
Urubici;1;9E;9;18;E1019;siphoneugena_reitzii;7,384789359;0,004283178
Urubici;1;9E;9;18;E1016;prunus_myrtifolia;7,002817496;0,00385155
Urubici;1;9E;9;18;E1004;prunus_myrtifolia;6,525352667;0,003344243
Urubici;1;9E;9;18;E1009;myrceugenia_regnelliana;6,049981619;0,002874736
Urubici;1;9E;9;18;E1017;ilex_microdonta;5,888732894;0,002723539
Urubici;1;9E;9;18;E1023;ilex_microdonta;5,092958179;0,002037183
Urubici;1;10D;10;19;E195;dicksonia_sellowiana;30,43042512;0,072728716
Urubici;1;10D;10;19;E188;drimys_angustifolia;21,8042272;0,037339739
Urubici;1;10D;10;19;E193;drimys_angustifolia;19,41690306;0,029610777
Urubici;1;10D;10;19;E183;drimys_angustifolia;18,08000154;0,025673602
Urubici;1;10D;10;19;E182;drimys_angustifolia;12,73239545;0,012732395
Urubici;1;10D;10;19;E185;myrceugenia_mesomischa;11,18753972;0,009830125
Urubici;1;10D;10;19;E181;weinmannia_paulliniifolia;10,59971921;0,008824266
Urubici;1;10D;10;19;E194;weinmannia_paulliniifolia;10,29106249;0,008317835
Urubici;1;10D;10;19;E190;myrceugenia_mesomischa;10,14380245;0,00808149
Urubici;1;10D;10;19;E184;eugenia_uruguayensis;9,581127574;0,007209798
Urubici;1;10D;10;19;E197;drimys_angustifolia;8,244226052;0,005338136
Urubici;1;10D;10;19;E198;myrceugenia_mesomischa;8,068386486;0,005112853
Urubici;1;10D;10;19;E191;baccharis_dentata;5,729577951;0,00257831
Urubici;1;10D;10;19;E192;weinmannia_paulliniifolia;5,188451145;0,002114294
Urubici;1;10D;10;19;sn;vernonanthura_discolor;5,092958179;0,002037183
Urubici;1;10D;10;19;sn;prunus_myrtifolia;5,092958179;0,002037183
Urubici;1;10E;10;20;E1023;drimys_angustifolia;33,10422816;0,086070993
Urubici;1;10E;10;20;E1028;drimys_angustifolia;24,03239641;0,045361148
Urubici;1;10E;10;20;E1055;drimys_angustifolia;22,28169203;0,038992961
Urubici;1;10E;10;20;E1040;myrceugenia_myrcioides;14,64311971;0,016840582
Urubici;1;10E;10;20;E1058;eugenia_uruguayensis;11,4591559;0,01031324
Urubici;1;10E;10;20;E189;weinmannia_paulliniifolia;9,708451529;0,007402694
Urubici;1;10E;10;20;E1025;prunus_myrtifolia;9,252913064;0,006724296
Urubici;1;10E;10;20;E1057;ocotea_porosa;9,230986699;0,006692465
Urubici;1;10E;10;20;E1060;prunus_myrtifolia;8,912676813;0,006238874
Urubici;1;10E;10;20;E1027;prunus_myrtifolia;8,4756545;0,005642043
Urubici;1;10E;10;20;E1061;myrceugenia_oxysepala;7,957747155;0,004973592
Urubici;1;10E;10;20;E1020;myrceugenia_myrcioides;7,336680367;0,004227553
Urubici;1;10E;10;20;E1021;myrceugenia_myrcioides;6,207042781;0,003025933
Urubici;1;10E;10;20;E1015;symphyopappus_itatiayensis;6,047887837;0,002872747
Urubici;1;10E;10;20;E1059;symphyopappus_itatiayensis;5,411268065;0,002299789
Urubici;1;10E;10;20;E1042;prunus_myrtifolia;5,092958179;0,002037183
Urubici;2;1D;11;21;E111;araucaria_angustifolia;38,35634129;0,115548478
Urubici;2;1D;11;21;E119;baccharis_uncinella;15,60514014;0,019126047
Urubici;2;1D;11;21;E117;drimys_angustifolia;9,866014794;0,007644928
Urubici;2;1D;11;21;E115;drimys_angustifolia;7,300130339;0,004185536
Urubici;2;1E;11;22;E606;araucaria_angustifolia;15,91549431;0,019894368
Urubici;2;1E;11;22;E604;baccharis_uncinella;10,31932963;0,008363592
Urubici;2;1E;11;22;E605;campovassouria_cruciata;9,258386542;0,006732254
Urubici;2;1E;11;22;E607;drimys_angustifolia;8,693998102;0,005936479
Urubici;2;1E;11;22;E612;baccharis_uncinella;7,295132056;0,004179807
Urubici;2;1E;11;22;E611;baccharis_uncinella;6,229447274;0,003047817
Urubici;2;1E;11;22;E608;mimosa_scabrella;5,888732894;0,002723539
Urubici;2;2D;12;23;E118;baccharis_uncinella;16,4429472;0,02123485
Urubici;2;2D;12;23;E96;baccharis_uncinella;12,0749839;0,011451516
Urubici;2;2D;12;23;E105;drimys_angustifolia;8,923470078;0,006253993
Urubici;2;2D;12;23;E108;drimys_angustifolia;8,492374139;0,005664324
Urubici;2;2D;12;23;E112;drimys_angustifolia;8,403923551;0,005546948
Urubici;2;2D;12;23;E106;drimys_angustifolia;5,411268065;0,002299789
Urubici;2;2E;12;24;E617;drimys_angustifolia;14,3389683;0,016148258
Urubici;2;2E;12;24;E621;araucaria_angustifolia;13,05070533;0,013376973
Urubici;2;2E;12;24;E619;campovassouria_cruciata;11,42927539;0,010259526
Urubici;2;2E;12;24;E620;baccharis_microdonta;10,29475391;0,008323804
Urubici;2;2E;12;24;E624;drimys_angustifolia;8,594366927;0,005801198
Urubici;2;2E;12;24;E628;drimys_angustifolia;7,929047512;0,004937782
Urubici;2;2E;12;24;E622;drimys_angustifolia;7,8304232;0,00481571
Urubici;2;2E;12;24;E613;baccharis_uncinella;7,828611471;0,004813482
Urubici;2;2E;12;24;E616;drimys_angustifolia;7,770934657;0,004742817
Urubici;2;2E;12;24;E615;drimys_angustifolia;7,161972439;0,004028609
Urubici;2;2E;12;24;E618;campovassouria_cruciata;6,813170119;0,003645762
Urubici;2;2E;12;24;E629;drimys_angustifolia;6,69775739;0,003523293
Urubici;2;2E;12;24;E614;symphyopappus_itatiayensis;5,092958179;0,002037183
Urubici;2;3D;13;25;E113;cinnamomum_amoenum;56,97746963;0,254974177
Urubici;2;3D;13;25;E107;cinnamomum_amoenum;33,90000288;0,090258758
Urubici;2;3D;13;25;E103;vernonanthura_discolor;13,05070533;0,013376973
Urubici;2;3D;13;25;E110;baccharis_uncinella;12,79118683;0,01285025
Urubici;2;3D;13;25;E116;drimys_angustifolia;5,649440047;0,00250669
Urubici;2;3D;13;25;E104;drimys_angustifolia;5,300122467;0,002206285
Urubici;2;3E;13;26;E625;araucaria_angustifolia;29,44366447;0,068088474
Urubici;2;3E;13;26;E632;baccharis_uncinella;14,44565876;0,016389458
Urubici;2;3E;13;26;E631;baccharis_uncinella;10,84628968;0,009239581
Urubici;2;3E;13;26;E626;myrceugenia_euosma;7,97841047;0,004999455
Urubici;2;3E;13;26;E633;schinus_polygamus;7,654144943;0,004601329
Urubici;2;3E;13;26;E627;campovassouria_cruciata;6,989638641;0,003837067
Urubici;2;3E;13;26;E630;baccharis_uncinella;6,752222317;0,003580827
Urubici;2;4D;14;27;E102;mimosa_scabrella;11,93662073;0,011190582
Urubici;2;4D;14;27;E114;baccharis_uncinella;11,89197385;0,011107026
Urubici;2;4D;14;27;E101;baccharis_erioclada;10,51685459;0,008686836
Urubici;2;4E;14;28;E640;araucaria_angustifolia;30,08028424;0,071064672
Urubici;2;4E;14;28;E636;baccharis_uncinella;13,76656218;0,014884727
Urubici;2;4E;14;28;E641;baccharis_uncinella;9,584458145;0,007214812
Urubici;2;4E;14;28;E643;myrceugenia_euosma;7,805669771;0,004785312
Urubici;2;4E;14;28;E635;baccharis_uncinella;7,091169877;0,00394935
Urubici;2;4E;14;28;E634;myrceugenia_euosma;6,895285739;0,003734173
Urubici;2;4E;14;28;E637;drimys_angustifolia;6,357517862;0,003174425
Urubici;2;4E;14;28;E639;drimys_angustifolia;5,624725735;0,002484807
Urubici;2;5D;15;29;E665;araucaria_angustifolia;40,74366543;0,130379729
Urubici;2;5D;15;29;E1029;mimosa_scabrella;20,48343285;0,032953031
Urubici;2;5D;15;29;E660;mimosa_scabrella;16,68092625;0,021853963
Urubici;2;5D;15;29;E1039;mimosa_scabrella;13,22151372;0,013729422
Urubici;2;5D;15;29;E201;mimosa_scabrella;13,20986028;0,01370523
Urubici;2;5D;15;29;E1032;mimosa_scabrella;11,15098185;0,009765986
Urubici;2;5D;15;29;E655;mimosa_scabrella;10,74662449;0,009070559
Urubici;2;5D;15;29;E1051;mimosa_scabrella;9,28292268;0,006767984
Urubici;2;5D;15;29;E609;mimosa_scabrella;9,071831756;0,00646368
Urubici;2;5D;15;29;E1031;mimosa_scabrella;9,008169779;0,00637328
Urubici;2;5D;15;29;E1052;mimosa_scabrella;7,972058231;0,004991497
Urubici;2;5D;15;29;E196;mimosa_scabrella;7,639437268;0,004583662
Urubici;2;5D;15;29;E1041;mimosa_scabrella;6,811831564;0,00364433
Urubici;2;5D;15;29;E1049;mimosa_scabrella;6,811831564;0,00364433
Urubici;2;5D;15;29;E603;mimosa_scabrella;5,124789168;0,002062728
Urubici;2;5E;15;30;E659;araucaria_angustifolia;55,70423008;0,243706007
Urubici;2;5E;15;30;E647;baccharis_uncinella;12,2025248;0,011694705
Urubici;2;5E;15;30;E644;baccharis_uncinella;10,85371368;0,009252234
Urubici;2;5E;15;30;E653;drimys_angustifolia;10,54658217;0,008736015
Urubici;2;5E;15;30;E652;drimys_angustifolia;10,47099228;0,008611237
Urubici;2;5E;15;30;E648;drimys_angustifolia;9,757846541;0,007478213
Urubici;2;5E;15;30;E645;baccharis_uncinella;9,409866928;0,006954355
Urubici;2;5E;15;30;E657;baccharis_uncinella;9,136491863;0,006556149
Urubici;2;5E;15;30;E654;drimys_angustifolia;8,335648032;0,005457184
Urubici;2;5E;15;30;E650;baccharis_uncinella;7,013371644;0,003863168
Urubici;2;5E;15;30;E658;baccharis_uncinella;6,669028923;0,003493133
Urubici;2;5E;15;30;E651;drimys_angustifolia;6,207042781;0,003025933
Urubici;2;5E;15;30;E646;drimys_angustifolia;5,593747217;0,002457511
Urubici;2;6D;16;31;E1058;mimosa_scabrella;16,66877368;0,021822132
Urubici;2;6D;16;31;E1047;mimosa_scabrella;14,8390115;0,017294174
Urubici;2;6D;16;31;E1046;mimosa_scabrella;11,77746579;0,010894156
Urubici;2;6D;16;31;E1150;mimosa_scabrella;11,01352206;0,009526697
Urubici;2;6D;16;31;E662;mimosa_scabrella;9,44560117;0,007007274
Urubici;2;6D;16;31;E610;mimosa_scabrella;8,912676813;0,006238874
Urubici;2;6D;16;31;E659;baccharis_uncinella;8,330419671;0,005450341
Urubici;2;6D;16;31;E642;mimosa_scabrella;7,639437268;0,004583662
Urubici;2;6D;16;31;E199;mimosa_scabrella;5,856901906;0,002694175
Urubici;2;6D;16;31;E1056;mimosa_scabrella;5,411268065;0,002299789
Urubici;2;6D;16;31;E649;mimosa_scabrella;5,252113122;0,002166497
Urubici;2;6D;16;31;E200;mimosa_scabrella;5,092958179;0,002037183
Urubici;2;6E;16;32;E903;mimosa_scabrella;17,50704374;0,024072185
Urubici;2;6E;16;32;E908;mimosa_scabrella;13,92946757;0,015239086
Urubici;2;6E;16;32;E918;mimosa_scabrella;11,49997717;0,010386849
Urubici;2;6E;16;32;E929;mimosa_scabrella;10,3462955;0,00840736
Urubici;2;6E;16;32;E907;mimosa_scabrella;8,673579357;0,005908627
Urubici;2;6E;16;32;E904;mimosa_scabrella;7,38485796;0,004283257
Urubici;2;6E;16;32;E923;mimosa_scabrella;5,411268065;0,002299789
Urubici;2;7D;17;33;E666;mimosa_scabrella;15,62901541;0,019184616
Urubici;2;7D;17;33;E602;mimosa_scabrella;14,48603777;0,016481211
Urubici;2;7D;17;33;E202;mimosa_scabrella;11,23633898;0,009916069
Urubici;2;7D;17;33;E203;mimosa_scabrella;10,01159233;0,007872201
Urubici;2;7D;17;33;E1034;mimosa_scabrella;9,549296586;0,007161972
Urubici;2;7D;17;33;E1033;mimosa_scabrella;8,180564075;0,005256012
Urubici;2;7D;17;33;E143;mimosa_scabrella;7,290199837;0,004174157
Urubici;2;7D;17;33;E638;mimosa_scabrella;6,843662553;0,003678469
Urubici;2;7D;17;33;E1036;mimosa_scabrella;6,207042781;0,003025933
Urubici;2;7E;17;34;E906;mimosa_scabrella;10,15104151;0,008093029
Urubici;2;7E;17;34;E916;mimosa_scabrella;9,390141642;0,006925229
Urubici;2;7E;17;34;E911;mimosa_scabrella;9,390141642;0,006925229
Urubici;2;7E;17;34;E914;mimosa_scabrella;7,161972439;0,004028609
Urubici;2;7E;17;34;E915;baccharis_uncinella;5,716299653;0,002566373
Urubici;2;7E;17;34;E913;mimosa_scabrella;5,03292121;0,001989437
Urubici;2;8D;18;35;E1045;mimosa_scabrella;13,09817141;0,013474455
Urubici;2;8D;18;35;E1048;mimosa_scabrella;12,27884254;0,011841446
Urubici;2;8D;18;35;E1035;mimosa_scabrella;12,14860029;0,011591573
Urubici;2;8D;18;35;E239;mimosa_scabrella;12,06747162;0,011437272
Urubici;2;8D;18;35;E213;mimosa_scabrella;12,04326622;0,011391435
Urubici;2;8D;18;35;E1038;mimosa_scabrella;10,98169107;0,009471709
Urubici;2;8D;18;35;E237;mimosa_scabrella;10,47283062;0,008614261
Urubici;2;8D;18;35;E1030;mimosa_scabrella;10,18591636;0,008148733
Urubici;2;8D;18;35;E664;mimosa_scabrella;9,977377558;0,007818487
Urubici;2;8D;18;35;E238;mimosa_scabrella;9,549296586;0,007161972
Urubici;2;8D;18;35;E235;mimosa_scabrella;9,080148676;0,006475537
Urubici;2;8D;18;35;E240;mimosa_scabrella;8,912676813;0,006238874
Urubici;2;8D;18;35;E1037;mimosa_scabrella;7,002817496;0,00385155
Urubici;2;8D;18;35;E1054;mimosa_scabrella;6,636513039;0,003459153
Urubici;2;8D;18;35;E656;mimosa_scabrella;6,46169069;0,003279308
Urubici;2;8D;18;35;E1044;mimosa_scabrella;5,784576121;0,002628046
Urubici;2;8E;18;36;E899;mimosa_scabrella;13,46153546;0,014232431
Urubici;2;8E;18;36;E917;mimosa_scabrella;13,00111782;0,013275512
Urubici;2;8E;18;36;E900;mimosa_scabrella;11,08746945;0,009655055
Urubici;2;8E;18;36;E910;mimosa_scabrella;10,02676141;0,007896075
Urubici;2;8E;18;36;E919;mimosa_scabrella;9,950684736;0,007776708
Urubici;2;8E;18;36;E912;mimosa_scabrella;9,534696221;0,007140089
Urubici;2;8E;18;36;E902;mimosa_scabrella;6,68450761;0,003509366
Urubici;2;8E;18;36;E922;mimosa_scabrella;6,525352667;0,003344243
Urubici;2;8E;18;36;E928;mimosa_scabrella;6,207042781;0,003025933
Urubici;2;8E;18;36;E898;mimosa_scabrella;5,729577951;0,00257831
Urubici;2;8E;18;36;E925;mimosa_scabrella;5,413608073;0,002301778
Urubici;2;8E;18;36;E924;mimosa_scabrella;5,092958179;0,002037183
Urubici;2;9D;19;37;E221;mimosa_scabrella;13,68732511;0,014713874
Urubici;2;9D;19;37;E219;mimosa_scabrella;13,15548227;0,013592628
Urubici;2;9D;19;37;E214;mimosa_scabrella;12,41408556;0,012103733
Urubici;2;9D;19;37;E234;mimosa_scabrella;12,274262;0,011832613
Urubici;2;9D;19;37;E224;mimosa_scabrella;12,09996324;0,011498945
Urubici;2;9D;19;37;E226;mimosa_scabrella;10,50422624;0,008665987
Urubici;2;9D;19;37;E233;mimosa_scabrella;10,44056427;0,008561263
Urubici;2;9D;19;37;E216;mimosa_scabrella;9,994930426;0,00784602
Urubici;2;9D;19;37;E223;mimosa_scabrella;9,071831756;0,00646368
Urubici;2;9D;19;37;E215;mimosa_scabrella;8,435211984;0,005588328
Urubici;2;9D;19;37;E220;mimosa_scabrella;8,339719018;0,005462516
Urubici;2;9D;19;37;E227;mimosa_scabrella;7,321127382;0,004209648
Urubici;2;9D;19;37;E222;mimosa_scabrella;7,321127382;0,004209648
Urubici;2;9D;19;37;E218;mimosa_scabrella;6,843662553;0,003678469
Urubici;2;9E;19;38;E920;araucaria_angustifolia;46,95070821;0,173130737
Urubici;2;9E;19;38;E787;mimosa_scabrella;13,24719933;0,013782818
Urubici;2;9E;19;38;E767;mimosa_scabrella;11,40375987;0,010213768
Urubici;2;9E;19;38;E790;vernonanthura_discolor;10,83540131;0,00922104
Urubici;2;9E;19;38;E901;mimosa_scabrella;9,071831756;0,00646368
Urubici;2;9E;19;38;E765;mimosa_scabrella;9,040000768;0,006418401
Urubici;2;9E;19;38;E788;campovassouria_cruciata;7,604742284;0,004542123
Urubici;2;9E;19;38;E897;mimosa_scabrella;7,480282325;0,004394666
Urubici;2;9E;19;38;E795;mimosa_scabrella;7,317666674;0,004205669
Urubici;2;9E;19;38;E927;mimosa_scabrella;7,161972439;0,004028609
Urubici;2;9E;19;38;E792;baccharis_uncinella;7,067626443;0,003923169
Urubici;2;9E;19;38;E926;mimosa_scabrella;6,780000576;0,00361035
Urubici;2;9E;19;38;E900;mimosa_scabrella;6,047887837;0,002872747
Urubici;2;9E;19;38;E905;vernonanthura_discolor;6,047887837;0,002872747
Urubici;2;9E;19;38;E791;mimosa_scabrella;5,687423659;0,002540511
Urubici;2;9E;19;38;E797;mimosa_scabrella;5,621482364;0,002481942
Urubici;2;9E;19;38;E921;mimosa_scabrella;5,588582545;0,002452976
Urubici;2;10D;20;39;E230;araucaria_angustifolia;40,42535555;0,128350504
Urubici;2;10D;20;39;E217;mimosa_scabrella;15,00114492;0,017674156
Urubici;2;10D;20;39;E228;vernonanthura_discolor;12,22309963;0,011734176
Urubici;2;10D;20;39;E231;drimys_angustifolia;9,415141547;0,006962153
Urubici;2;10D;20;39;E661;mimosa_scabrella;8,498873961;0,005672998
Urubici;2;10D;20;39;E232;ilex_paraguariensis;6,873208994;0,0037103
Urubici;2;10D;20;39;E225;solanum_compressum;5,411268065;0,002299789
Urubici;2;10E;20;40;E794;baccharis_uncinella;14,01026419;0,015416384
Urubici;2;10E;20;40;E772;mimosa_scabrella;12,73239545;0,012732395
Urubici;2;10E;20;40;E777;mimosa_scabrella;12,25493062;0,011795371
Urubici;2;10E;20;40;E774;mimosa_scabrella;12,13445549;0,011564596
Urubici;2;10E;20;40;E769;mimosa_scabrella;11,30000096;0,010028751
Urubici;2;10E;20;40;E781;baccharis_uncinella;10,45903513;0,008591582
Urubici;2;10E;20;40;E770;drimys_angustifolia;9,809678596;0,00755787
Urubici;2;10E;20;40;E766;mimosa_scabrella;9,071831756;0,00646368
Urubici;2;10E;20;40;E771;mimosa_scabrella;8,594366927;0,005801198
Urubici;2;10E;20;40;E776;mimosa_scabrella;7,957747155;0,004973592
Urubici;2;10E;20;40;E778;mimosa_scabrella;7,543944303;0,004469787
Urubici;2;10E;20;40;E793;mimosa_scabrella;7,161972439;0,004028609
Urubici;2;10E;20;40;E775;drimys_angustifolia;6,594855425;0,003415863
Urubici;2;10E;20;40;E768;mimosa_scabrella;6,457063347;0,003274613
Urubici;2;10E;20;40;E773;mimosa_scabrella;5,98422586;0,002812586
Urubici;2;10E;20;40;E789;mimosa_scabrella;5,888732894;0,002723539
Urubici;3;1D;21;41;E421;siphoneugena_reitzii;18,90664264;0,028074932
Urubici;3;1D;21;41;E435;drimys_angustifolia;15,01323012;0,017702645
Urubici;3;1D;21;41;E446;drimys_angustifolia;11,93768172;0,011192571
Urubici;3;1D;21;41;E449;siphoneugena_reitzii;11,61831085;0,010601709
Urubici;3;1D;21;41;E436;siphoneugena_reitzii;11,23796197;0,009918934
Urubici;3;1D;21;41;E443;drimys_angustifolia;10,50422624;0,008665987
Urubici;3;1D;21;41;E450;drimys_angustifolia;10,47471702;0,008617365
Urubici;3;1D;21;41;E434;crinodendron_brasiliense;10,37485162;0,008453833
Urubici;3;1D;21;41;E445;drimys_angustifolia;9,971028605;0,007808539
Urubici;3;1D;21;41;E431;siphoneugena_reitzii;9,230986699;0,006692465
Urubici;3;1D;21;41;E429;siphoneugena_reitzii;7,321127382;0,004209648
Urubici;3;1D;21;41;E448;drimys_angustifolia;7,272527612;0,004153944
Urubici;3;1D;21;41;E430;azara_uruguayensis;7,161972439;0,004028609
Urubici;3;1D;21;41;E447;drimys_angustifolia;7,002817496;0,00385155
Urubici;3;1D;21;41;E433;ocotea_pulchella;6,68450761;0,003509366
Urubici;3;1D;21;41;E422;weinmannia_paulliniifolia;5,697746963;0,002549742
Urubici;3;1D;21;41;E427;prunus_myrtifolia;5,252113122;0,002166497
Urubici;3;1E;21;42;E464;drimys_angustifolia;37,24225668;0,108933601
Urubici;3;1E;21;42;E461;drimys_angustifolia;24,09605838;0,04560179
Urubici;3;1E;21;42;E456;drimys_angustifolia;22,28169203;0,038992961
Urubici;3;1E;21;42;E479;schinus_polygamus;21,64741265;0,036804581
Urubici;3;1E;21;42;E475;siphoneugena_reitzii;20,0497078;0,031572282
Urubici;3;1E;21;42;E480;siphoneugena_reitzii;15,43802948;0,018718611
Urubici;3;1E;21;42;E466;myrceugenia_regnelliana;13,05706998;0,013390024
Urubici;3;1E;21;42;E460;ilex_microdonta;12,79605742;0,012860038
Urubici;3;1E;21;42;E457;myrceugenia_glaucescens;12,10624187;0,011510881
Urubici;3;1E;21;42;E471;siphoneugena_reitzii;11,81547261;0,010964582
Urubici;3;1E;21;42;E462;siphoneugena_reitzii;11,68197282;0,01071821
Urubici;3;1E;21;42;E452;siphoneugena_reitzii;11,61831085;0,010601709
Urubici;3;1E;21;42;E478;maytenus_boaria;11,58647986;0,010543697
Urubici;3;1E;21;42;E467;siphoneugena_reitzii;10,98169107;0,009471709
Urubici;3;1E;21;42;E455;crinodendron_brasiliense;10,24957834;0,008250911
Urubici;3;1E;21;42;E453;siphoneugena_reitzii;9,644789551;0,007305928
Urubici;3;1E;21;42;E459;myrceugenia_oxysepala;9,554600277;0,00716993
Urubici;3;1E;21;42;E465;siphoneugena_reitzii;8,804016441;0,006087677
Urubici;3;1E;21;42;E454;siphoneugena_reitzii;7,161972439;0,004028609
Urubici;3;1E;21;42;E463;crinodendron_brasiliense;5,506761031;0,002381674
Urubici;3;1E;21;42;E468;baccharis_dentata;5,252113122;0,002166497
Urubici;3;2D;22;43;E426;drimys_angustifolia;39,94789072;0,125336507
Urubici;3;2D;22;43;E424;drimys_angustifolia;30,78056599;0,074412018
Urubici;3;2D;22;43;E391;drimys_angustifolia;22,91831181;0,041252961
Urubici;3;2D;22;43;E440;myrceugenia_regnelliana;20,7915086;0,033951728
Urubici;3;2D;22;43;E432;drimys_angustifolia;19,85868518;0,030973541
Urubici;3;2D;22;43;E428;drimys_angustifolia;19,09859317;0,02864789
Urubici;3;2D;22;43;E425;siphoneugena_reitzii;18,38883678;0,026558185
Urubici;3;2D;22;43;E437;siphoneugena_reitzii;17,57419409;0,024257203
Urubici;3;2D;22;43;E418;siphoneugena_reitzii;15,29544419;0,018374438
Urubici;3;2D;22;43;E423;drimys_angustifolia;12,5732405;0,012416075
Urubici;3;2D;22;43;E438;weinmannia_paulliniifolia;12,0321137;0,011370347
Urubici;3;2D;22;43;E439;drimys_angustifolia;11,10276564;0,009681713
Urubici;3;2D;22;43;E442;prunus_myrtifolia;10,00288501;0,007858514
Urubici;3;2D;22;43;E441;myrceugenia_glaucescens;9,659538189;0,007328289
Urubici;3;2D;22;43;E416;siphoneugena_reitzii;7,894085177;0,004894333
Urubici;3;2D;22;43;E419;weinmannia_paulliniifolia;7,798592212;0,004776638
Urubici;3;2D;22;43;E420;siphoneugena_reitzii;7,766761223;0,004737724
Urubici;3;2D;22;43;E415;siphoneugena_reitzii;6,68450761;0,003509366
Urubici;3;2D;22;43;E414;siphoneugena_reitzii;6,010327912;0,002837176
Urubici;3;2D;22;43;E417;ocotea_pulchella;5,570423008;0,00243706
Urubici;3;2E;22;44;E470;drimys_angustifolia;59,8422586;0,281258615
Urubici;3;2E;22;44;E473;drimys_angustifolia;35,33239737;0,098047403
Urubici;3;2E;22;44;E451;drimys_angustifolia;30,81239698;0,074566001
Urubici;3;2E;22;44;E467;drimys_angustifolia;30,4940871;0,073033339
Urubici;3;2E;22;44;E569;siphoneugena_reitzii;16,13893905;0,020456901
Urubici;3;2E;22;44;E472;siphoneugena_reitzii;13,88754333;0,015147492
Urubici;3;2E;22;44;E567;ilex_microdonta;12,09577567;0,011490987
Urubici;3;2E;22;44;E458;ocotea_pulchella;10,3450713;0,00840537
Urubici;3;2E;22;44;E568;myrceugenia_regnelliana;9,589583906;0,007222531
Urubici;3;2E;22;44;E474;siphoneugena_reitzii;8,435211984;0,005588328
Urubici;3;2E;22;44;E570;ocotea_pulchella;8,276057041;0,005379437
Urubici;3;2E;22;44;E468;ocotea_pulchella;6,811831564;0,00364433
Urubici;3;2E;22;44;E469;siphoneugena_reitzii;6,589014644;0,003409815
Urubici;3;3D;23;45;E412;drimys_angustifolia;31,70366466;0,078942125
Urubici;3;3D;23;45;E398;drimys_angustifolia;30,39859413;0,072576643
Urubici;3;3D;23;45;E406;crinodendron_brasiliense;27,94343849;0,061326697
Urubici;3;3D;23;45;E399;crinodendron_brasiliense;22,456441;0,039606981
Urubici;3;3D;23;45;E413;drimys_angustifolia;22,28169203;0,038992961
Urubici;3;3D;23;45;E392;crinodendron_brasiliense;18,39734766;0,026582775
Urubici;3;3D;23;45;E396;drimys_angustifolia;17,82535363;0,024955495
Urubici;3;3D;23;45;E404;crinodendron_brasiliense;12,55307814;0,012376286
Urubici;3;3D;23;45;E395;myrceugenia_glaucescens;11,63682783;0,010635529
Urubici;3;3D;23;45;E397;crinodendron_brasiliense;10,94213094;0,00940359
Urubici;3;3D;23;45;E394;weinmannia_paulliniifolia;10,44056427;0,008561263
Urubici;3;3D;23;45;E407;weinmannia_paulliniifolia;9,708451529;0,007402694
Urubici;3;3D;23;45;E393;prunus_myrtifolia;9,199155711;0,00664639
Urubici;3;3D;23;45;E403;crinodendron_brasiliense;9,070714811;0,006462089
Urubici;3;3D;23;45;E410;myrceugenia_glaucescens;6,180460034;0,003000071
Urubici;3;3D;23;45;E411;siphoneugena_reitzii;5,767033772;0,002612131
Urubici;3;3D;23;45;E405;drimys_angustifolia;5;0,001963495
Urubici;3;3E;23;46;E543;myrceugenia_regnelliana;26,10141067;0,053507892
Urubici;3;3E;23;46;E556;ocotea_pulchella;15,66281954;0,019267695
Urubici;3;3E;23;46;E541;crinodendron_brasiliense;15,61017126;0,019138382
Urubici;3;3E;23;46;E548;siphoneugena_reitzii;14,00563499;0,015406198
Urubici;3;3E;23;46;E560;myrceugenia_regnelliana;13,24169127;0,013771359
Urubici;3;3E;23;46;E544;siphoneugena_reitzii;12,41510574;0,012105723
Urubici;3;3E;23;46;E561;crinodendron_brasiliense;12,41408556;0,012103733
Urubici;3;3E;23;46;E542;myrceugenia_oxysepala;8,371550007;0,005504294
Urubici;3;4D;24;47;E401;drimys_angustifolia;29,60281942;0,068826555
Urubici;3;4D;24;47;E488;drimys_angustifolia;24,98732607;0,049037627
Urubici;3;4D;24;47;E408;siphoneugena_reitzii;22,16246155;0,038576771
Urubici;3;4D;24;47;E483;drimys_angustifolia;21,23126941;0,035403142
Urubici;3;4D;24;47;E487;drimys_angustifolia;20,18084678;0,031986642
Urubici;3;4D;24;47;E409;crinodendron_brasiliense;20,05352283;0,031584298
Urubici;3;4D;24;47;E482;drimys_angustifolia;19,76704393;0,030688336
Urubici;3;4D;24;47;E444;siphoneugena_reitzii;19,73521294;0,03058958
Urubici;3;4D;24;47;E486;drimys_angustifolia;16,52028309;0,021435067
Urubici;3;4D;24;47;E409;myrceugenia_regnelliana;13,33718423;0,0139707
Urubici;3;4D;24;47;E481;crinodendron_brasiliense;11,90478974;0,011130978
Urubici;3;4D;24;47;E400;crinodendron_brasiliense;10,9180291;0,00936221
Urubici;3;4D;24;47;E484;siphoneugena_reitzii;10,40108909;0,008496646
Urubici;3;4D;24;47;E489;ilex_microdonta;10,28140932;0,008302238
Urubici;3;4D;24;47;E485;myrceugenia_regnelliana;10,18591636;0,008148733
Urubici;3;4E;24;48;E563;drimys_angustifolia;45,51831372;0,162727972
Urubici;3;4E;24;48;E558;crinodendron_brasiliense;27,7569141;0,060510709
Urubici;3;4E;24;48;E564;drimys_angustifolia;26,10141067;0,053507892
Urubici;3;4E;24;48;E559;ilex_microdonta;19,48056503;0,029805265
Urubici;3;4E;24;48;E565;myrceugenia_regnelliana;18,65306797;0,027326904
Urubici;3;4E;24;48;E562;siphoneugena_reitzii;11,14084602;0,00974824
Urubici;3;4E;24;48;E546;drimys_angustifolia;10,66338119;0,008930582
Urubici;3;4E;24;48;E545;ilex_microdonta;10,12225438;0,008047192
Urubici;3;4E;24;48;E566;drimys_angustifolia;9,073227745;0,00646567
Urubici;3;5D;25;49;E490;siphoneugena_reitzii;42,89874984;0,144537039
Urubici;3;5D;25;49;E491;drimys_angustifolia;24,95549508;0,04891277
Urubici;3;5D;25;49;E503;weinmannia_paulliniifolia;23,55493158;0,043576623
Urubici;3;5D;25;49;E494;siphoneugena_reitzii;22,74969464;0,040648172
Urubici;3;5D;25;49;E497;weinmannia_paulliniifolia;21,83545497;0,037446771
Urubici;3;5D;25;49;E509;drimys_angustifolia;18,95213962;0,028210214
Urubici;3;5D;25;49;E493;siphoneugena_reitzii;18,39875198;0,026586833
Urubici;3;5D;25;49;E508;myrceugenia_regnelliana;13,38794883;0,014077255
Urubici;3;5D;25;49;E492;siphoneugena_reitzii;13,37280409;0,014045424
Urubici;3;5D;25;49;E510;crinodendron_brasiliense;12,5732405;0,012416075
Urubici;3;5D;25;49;E495;siphoneugena_reitzii;10,82253613;0,009199156
Urubici;3;5D;25;49;E507;crinodendron_brasiliense;10,82253613;0,009199156
Urubici;3;5D;25;49;E501;crinodendron_brasiliense;10,18591636;0,008148733
Urubici;3;5D;25;49;E496;crinodendron_brasiliense;9,549296586;0,007161972
Urubici;3;5D;25;49;E502;siphoneugena_reitzii;7,161972439;0,004028609
Urubici;3;5D;25;49;E504;drimys_angustifolia;6,500071813;0,003318381
Urubici;3;5D;25;49;E505;drimys_angustifolia;5,869344294;0,002705634
Urubici;3;5D;25;49;E506;drimys_angustifolia;5,570423008;0,00243706
Urubici;3;5D;25;49;E499;ocotea_pulchella;5,411268065;0,002299789
Urubici;3;5E;25;50;E547;crinodendron_brasiliense;22,28169203;0,038992961
Urubici;3;5E;25;50;E554;weinmannia_paulliniifolia;17,18873385;0,023204791
Urubici;3;5E;25;50;E552;crinodendron_brasiliense;11,38820069;0,010185916
Urubici;3;5E;25;50;E557;myrceugenia_oxysepala;10,1022652;0,008015441
Urubici;3;5E;25;50;E549;myrceugenia_oxysepala;9,654816878;0,007321127
Urubici;3;5E;25;50;E390;drimys_angustifolia;7,56386274;0,004493422
Urubici;3;5E;25;50;E551;myrceugenia_oxysepala;7,315935706;0,00420368
Urubici;3;5E;25;50;E550;myrceugenia_regnelliana;6,554401717;0,003374085
Urubici;3;5E;25;50;E553;myrceugenia_oxysepala;6,548602215;0,003368116
Urubici;3;5E;25;50;E555;baccharis_dentata;5,092958179;0,002037183
Urubici;3;6D;26;51;E313;siphoneugena_reitzii;30,02592034;0,070808034
Urubici;3;6D;26;51;E306;myrceugenia_regnelliana;27,6929601;0,060232188
Urubici;3;6D;26;51;E316;weinmannia_paulliniifolia;25,14648101;0,0496643
Urubici;3;6D;26;51;E309;myrceugenia_glaucescens;24,79159976;0,04827241
Urubici;3;6D;26;51;E317;siphoneugena_reitzii;22,28169203;0,038992961
Urubici;3;6D;26;51;E307;siphoneugena_reitzii;21,23391785;0,035411975
Urubici;3;6D;26;51;E301;siphoneugena_reitzii;15,6951307;0,019347273
Urubici;3;6D;26;51;E304;drimys_angustifolia;14,64225476;0,016838593
Urubici;3;6D;26;51;E308;siphoneugena_reitzii;9,96975833;0,00780655
Urubici;3;6D;26;51;E315;siphoneugena_reitzii;9,772165348;0,007500177
Urubici;3;6D;26;51;E303;drimys_angustifolia;9,071831756;0,00646368
Urubici;3;6D;26;51;E321;siphoneugena_reitzii;8,849930788;0,006151339
Urubici;3;6D;26;51;E302;ilex_microdonta;8,116902098;0,005174525
Urubici;3;6D;26;51;E500;crinodendron_brasiliense;7,861674251;0,004854226
Urubici;3;6D;26;51;E310;drimys_angustifolia;7,734930234;0,00469897
Urubici;3;6D;26;51;E311;myrceugenia_regnelliana;6,865834304;0,003702342
Urubici;3;6D;26;51;E320;ilex_microdonta;6,525352667;0,003344243
Urubici;3;6D;26;51;E498;siphoneugena_reitzii;6,215199214;0,003033891
Urubici;3;6E;26;52;E363;siphoneugena_reitzii;38,15073791;0,114313038
Urubici;3;6E;26;52;E362;myrceugenia_oxysepala;25,62394584;0,051568191
Urubici;3;6E;26;52;E365;drimys_angustifolia;25,46479089;0,050929582
Urubici;3;6E;26;52;E364;crinodendron_brasiliense;23,71408652;0,044167486
Urubici;3;6E;26;52;E379;drimys_angustifolia;20,6901426;0,033621482
Urubici;3;6E;26;52;E368;drimys_angustifolia;18,78028328;0,027700918
Urubici;3;6E;26;52;E366;drimys_angustifolia;15,50169146;0,018873309
Urubici;3;6E;26;52;E374;crinodendron_brasiliense;15,05508179;0,01780148
Urubici;3;6E;26;52;E361;myrceugenia_regnelliana;12,25493062;0,011795371
Urubici;3;6E;26;52;E367;myrceugenia_regnelliana;10,71905883;0,009024085
Urubici;3;6E;26;52;E378;myrceugenia_glaucescens;8,5010196;0,005675863
Urubici;3;6E;26;52;E375;drimys_angustifolia;7,639437268;0,004583662
Urubici;3;6E;26;52;E360;myrceugenia_oxysepala;7,321127382;0,004209648
Urubici;3;6E;26;52;E362;drimys_angustifolia;7,161972439;0,004028609
Urubici;3;6E;26;52;E377;symphyopappus_itatiayensis;6,366197724;0,003183099
Urubici;3;6E;26;52;E376;drimys_angustifolia;5,729577951;0,00257831
Urubici;3;7D;27;53;E323;drimys_angustifolia;36,28732702;0,103418882
Urubici;3;7D;27;53;E322;myrceugenia_glaucescens;34,70891634;0,094617614
Urubici;3;7D;27;53;E326;drimys_angustifolia;28,01126998;0,061624794
Urubici;3;7D;27;53;E328;crinodendron_brasiliense;26,73803044;0,056149864
Urubici;3;7D;27;53;E330;drimys_angustifolia;17,30402924;0,023517132
Urubici;3;7D;27;53;E314;siphoneugena_reitzii;16,25875051;0,020761762
Urubici;3;7D;27;53;E581;drimys_angustifolia;16,2338042;0,0206981
Urubici;3;7D;27;53;E327;drimys_angustifolia;15,91549431;0,019894368
Urubici;3;7D;27;53;E312;ilex_microdonta;13,84648005;0,015058047
Urubici;3;7D;27;53;E571;drimys_angustifolia;13,68732511;0,014713874
Urubici;3;7D;27;53;E600;drimys_angustifolia;12,73239545;0,012732395
Urubici;3;7D;27;53;E318;myrceugenia_glaucescens;7,223600873;0,00409824
Urubici;3;7D;27;53;E329;drimys_angustifolia;6,714754405;0,003541197
Urubici;3;7D;27;53;E305;myrceugenia_glaucescens;6,654123327;0,003477536
Urubici;3;7D;27;53;E325;drimys_angustifolia;6,366197724;0,003183099
Urubici;3;7D;27;53;E319;drimys_angustifolia;5,411268065;0,002299789
Urubici;3;7E;27;54;E373;drimys_angustifolia;23,71408652;0,044167486
Urubici;3;7E;27;54;E387;myrceugenia_glaucescens;22,12253709;0,038437908
Urubici;3;7E;27;54;E389;myrceugenia_oxysepala;20,21267777;0,032087626
Urubici;3;7E;27;54;E388;myrceugenia_regnelliana;16,17014222;0,020536081
Urubici;3;7E;27;54;E384;crinodendron_brasiliense;15,91549431;0,019894368
Urubici;3;7E;27;54;E371;myrceugenia_regnelliana;12,41408556;0,012103733
Urubici;3;7E;27;54;E386;drimys_angustifolia;9,230986699;0,006692465
Urubici;3;7E;27;54;E370;myrceugenia_regnelliana;8,276057041;0,005379437
Urubici;3;7E;27;54;E383;crinodendron_brasiliense;7,161972439;0,004028609
Urubici;3;7E;27;54;E385;drimys_angustifolia;6,270704758;0,003088322
Urubici;3;7E;27;54;E382;drimys_angustifolia;5,793239929;0,002635924
Urubici;3;7E;27;54;E381;drimys_angustifolia;5,570423008;0,00243706
Urubici;3;7E;27;54;E380;myrceugenia_regnelliana;5;0,001963495
Urubici;3;8D;28;55;E578;siphoneugena_reitzii;22,60000192;0,040115003
Urubici;3;8D;28;55;E324;drimys_angustifolia;21,32676237;0,035722327
Urubici;3;8D;28;55;E590;drimys_angustifolia;19,09859317;0,02864789
Urubici;3;8D;28;55;E577;drimys_angustifolia;18,78028328;0,027700918
Urubici;3;8D;28;55;E576;drimys_angustifolia;18,78028328;0,027700918
Urubici;3;8D;28;55;E586;drimys_angustifolia;18,14366351;0,025854721
Urubici;3;8D;28;55;E583;siphoneugena_reitzii;17,68626089;0,024567555
Urubici;3;8D;28;55;E599;siphoneugena_reitzii;17,00874215;0,022721358
Urubici;3;8D;28;55;E574;drimys_angustifolia;14,66299941;0,016886339
Urubici;3;8D;28;55;E580;ocotea_pulchella;13,20986028;0,01370523
Urubici;3;8D;28;55;E597;myrceugenia_regnelliana;10,83189414;0,009215071
Urubici;3;8D;28;55;E579;ocotea_pulchella;7,321127382;0,004209648
Urubici;3;8E;28;56;E533;crinodendron_brasiliense;44,56338407;0,155971844
Urubici;3;8E;28;56;E538;weinmannia_paulliniifolia;39,47042589;0,12235832
Urubici;3;8E;28;56;E539;crinodendron_brasiliense;32,21698628;0,081519162
Urubici;3;8E;28;56;E540;siphoneugena_reitzii;31,6174023;0,078513123
Urubici;3;8E;28;56;E532;crinodendron_brasiliense;27,05634033;0,057494723
Urubici;3;8E;28;56;E524;siphoneugena_reitzii;22,91831181;0,041252961
Urubici;3;8E;28;56;E529;drimys_angustifolia;21,64507226;0,036796623
Urubici;3;8E;28;56;E526;crinodendron_brasiliense;18,71543031;0,027509932
Urubici;3;8E;28;56;E525;ilex_microdonta;17,02957891;0,022777062
Urubici;3;8E;28;56;E530;drimys_angustifolia;15,91549431;0,019894368
Urubici;3;8E;28;56;E537;myrceugenia_regnelliana;15,46986047;0,01879588
Urubici;3;8E;28;56;E531;crinodendron_brasiliense;14,22845191;0,015900295
Urubici;3;8E;28;56;E522;drimys_angustifolia;13,68732511;0,014713874
Urubici;3;8E;28;56;E523;myrceugenia_glaucescens;12,73239545;0,012732395
Urubici;3;8E;28;56;E527;drimys_angustifolia;9,390141642;0,006925229
Urubici;3;8E;28;56;E523;drimys_angustifolia;8,306607374;0,005419226
Urubici;3;8E;28;56;E535;drimys_angustifolia;6,46169069;0,003279308
Urubici;3;8E;28;56;E519;drimys_angustifolia;6,366197724;0,003183099
Urubici;3;8E;28;56;E536;drimys_angustifolia;6,047887837;0,002872747
Urubici;3;8E;28;56;E511;drimys_angustifolia;5,188451145;0,002114294
Urubici;3;8E;28;56;E534;drimys_angustifolia;5,092958179;0,002037183
Urubici;3;9D;29;57;E730;weinmannia_paulliniifolia;49,07380532;0,189142599
Urubici;3;9D;29;57;E705;weinmannia_paulliniifolia;36,73296087;0,105974592
Urubici;3;9D;29;57;E604;crinodendron_brasiliense;34,89503976;0,095635091
Urubici;3;9D;29;57;E109;drimys_angustifolia;31,83098862;0,079577472
Urubici;3;9D;29;57;E515;drimys_angustifolia;29,28450953;0,067354372
Urubici;3;9D;29;57;E521;siphoneugena_reitzii;27,63069161;0,059961625
Urubici;3;9D;29;57;E520;drimys_angustifolia;25,46479089;0,050929582
Urubici;3;9D;29;57;E513;siphoneugena_reitzii;24,67671602;0,04782606
Urubici;3;9D;29;57;E902;siphoneugena_reitzii;21,78039903;0,037258172
Urubici;3;9D;29;57;E901;siphoneugena_reitzii;21,32676237;0,035722327
Urubici;3;9D;29;57;E516;drimys_angustifolia;10,82253613;0,009199156
Urubici;3;9D;29;57;E702;drimys_angustifolia;8,276057041;0,005379437
Urubici;3;9D;29;57;E517;myrceugenia_glaucescens;7,639437268;0,004583662
Urubici;3;9D;29;57;E514;myrceugenia_glaucescens;7,451443393;0,004360845
Urubici;3;9E;29;58;E961;crinodendron_brasiliense;43,72910586;0,150186562
Urubici;3;9E;29;58;E938;crinodendron_brasiliense;27,37465021;0,058855498
Urubici;3;9E;29;58;E939;myrceugenia_glaucescens;26,73803044;0,056149864
Urubici;3;9E;29;58;E955;myrceugenia_glaucescens;25,38137645;0,05059647
Urubici;3;9E;29;58;E941;crinodendron_brasiliense;22,28396556;0,039000919
Urubici;3;9E;29;58;E942;crinodendron_brasiliense;21,96338215;0,037886834
Urubici;3;9E;29;58;E958;siphoneugena_reitzii;21,45288201;0,036146077
Urubici;3;9E;29;58;E954;crinodendron_brasiliense;20,98009895;0,034570443
Urubici;3;9E;29;58;E953;crinodendron_brasiliense;20,3942016;0,032666552
Urubici;3;9E;29;58;E943;myrceugenia_regnelliana;16,84412789;0,022283681
Urubici;3;9E;29;58;E932;myrceugenia_regnelliana;15,91549431;0,019894368
Urubici;3;9E;29;58;E933;siphoneugena_reitzii;13,52817016;0,014373681
Urubici;3;9E;29;58;E851;ocotea_pulchella;12,25493062;0,011795371
Urubici;3;9E;29;58;E940;myrceugenia_regnelliana;11,17716509;0,009811902
Urubici;3;9E;29;58;E935;siphoneugena_reitzii;11,01352206;0,009526697
Urubici;3;9E;29;58;E960;drimys_angustifolia;10,47162122;0,008612272
Urubici;3;9E;29;58;E852;drimys_angustifolia;8,97633879;0,006328319
Urubici;3;9E;29;58;E857;drimys_angustifolia;8,75352187;0,006018046
Urubici;3;9E;29;58;E962;drimys_angustifolia;8,435211984;0,005588328
Urubici;3;9E;29;58;E930;drimys_angustifolia;7,862254189;0,004854942
Urubici;3;9E;29;58;E936;myrceugenia_oxysepala;7,321127382;0,004209648
Urubici;3;9E;29;58;E931;crinodendron_brasiliense;6,047887837;0,002872747
Urubici;3;9E;29;58;E950;drimys_angustifolia;6,016393675;0,002842905
Urubici;3;9E;29;58;E937;myrceugenia_oxysepala;5,411268065;0,002299789
Urubici;3;9E;29;58;E934;symphyopappus_itatiayensis;5,124789168;0,002062728
Urubici;3;9E;29;58;E959;drimys_angustifolia;5,06112719;0,002011798
Urubici;3;10D;30;59;E518;crinodendron_brasiliense;39,15664454;0,120420609
Urubici;3;10D;30;59;E288;myrceugenia_regnelliana;34,21351557;0,091935932
Urubici;3;10D;30;59;E274;crinodendron_brasiliense;28,82462552;0,065255516
Urubici;3;10D;30;59;E273;crinodendron_brasiliense;28,56110729;0,064067822
Urubici;3;10D;30;59;E279;crinodendron_brasiliense;26,73803044;0,056149864
Urubici;3;10D;30;59;E296;crinodendron_brasiliense;25,24197397;0,050042213
Urubici;3;10D;30;59;E680;crinodendron_brasiliense;17,59220155;0,024306939
Urubici;3;10D;30;59;E286;weinmannia_paulliniifolia;17,44338176;0,023897433
Urubici;3;10D;30;59;E297;drimys_angustifolia;13,99477931;0,015382325
Urubici;3;10D;30;59;E276;drimys_angustifolia;13,36901522;0,014037466
Urubici;3;10D;30;59;E293;siphoneugena_reitzii;13,03478012;0,013344346
Urubici;3;10D;30;59;E900;siphoneugena_reitzii;11,71799818;0,010784419
Urubici;3;10D;30;59;E272;siphoneugena_reitzii;11,57462462;0,010522131
Urubici;3;10D;30;59;E281;drimys_angustifolia;10,50422624;0,008665987
Urubici;3;10D;30;59;E287;myrceugenia_regnelliana;9,867606472;0,007647395
Urubici;3;10D;30;59;E295;araucaria_angustifolia;8,880845825;0,00619439
Urubici;3;10D;30;59;E290;drimys_angustifolia;8,84701086;0,00614728
Urubici;3;10D;30;59;E703;drimys_angustifolia;7,480282325;0,004394666
Urubici;3;10D;30;59;E291;drimys_angustifolia;7,315935706;0,00420368
Urubici;3;10D;30;59;E706;drimys_angustifolia;6,843662553;0,003678469
Urubici;3;10D;30;59;E282;drimys_angustifolia;5,411268065;0,002299789
Urubici;3;10D;30;59;E300;drimys_angustifolia;5,252113122;0,002166497
Urubici;3;10E;30;60;E981;crinodendron_brasiliense;28,32957987;0,063033315
Urubici;3;10E;30;60;E965;myrceugenia_regnelliana;22,75915686;0,040681993
Urubici;3;10E;30;60;E971;siphoneugena_reitzii;22,42673306;0,039502257
Urubici;3;10E;30;60;E944;drimys_angustifolia;16,32929716;0,020942324
Urubici;3;10E;30;60;E950;drimys_angustifolia;11,30000096;0,010028751
Urubici;3;10E;30;60;E945;drimys_angustifolia;9,135493733;0,006554717
Urubici;3;10E;30;60;E990;drimys_angustifolia;9,003163162;0,006366198
Urubici;3;10E;30;60;E946;drimys_angustifolia;8,570755984;0,005769367
Urubici;3;10E;30;60;E947;drimys_angustifolia;8,308131941;0,005421215
Urubici;3;10E;30;60;E988;drimys_angustifolia;5,888732894;0,002723539
Urubici;3;10E;30;60;E974;drimys_angustifolia;5,888732894;0,002723539
Urubici;3;10E;30;60;E963;drimys_angustifolia;5,767033772;0,002612131
Urubici;3;10E;30;60;E949;drimys_angustifolia;5,411268065;0,002299789
Urubici;3;10E;30;60;E968;drimys_angustifolia;5,411268065;0,002299789
Urubici;3;10E;30;60;E978;myrceugenia_regnelliana;5,07741686;0,002024769